篇名,分词结果
"从量效关系探讨张志远运用大剂量附子经验","从量效关系探讨张志远运用 大剂量 附子 经验"
"合理应用大剂量附子治疗寒湿痹阻型类风湿性关节炎安全性探讨","合理应用 大剂量 附子 治疗 寒湿痹阻型类风湿性关节炎安全性探讨"
"大剂量附子在恶性肿瘤患者脾肾阳虚型运用初探","大剂量 附子 在 恶性肿瘤患者脾肾阳虚型 运用 初探"
"大剂量舒肝解郁胶囊对冠心病PCI术后患者抑郁焦虑的疗效及血清单胺类神经递质的影响","大剂量 舒肝解郁胶囊 对 冠心病PCI术后患者抑郁焦虑的疗效 及 血清单胺类神经递质的影响"
"大剂量桑叶治疗原发免疫性血小板减少症临证经验","大剂量 桑叶 治疗 原发免疫性血小板减少症 临证经验"
"基于肠道菌群平衡分析微生态制剂联合浙贝黄芩汤对急性淋巴细胞白血病大剂量化疗后患者的临床影响","基于肠道菌群平衡分析微生态制剂 联合 浙贝黄芩汤 对 急性淋巴细胞白血病 大剂量 化疗后患者的临床影响"
"基于古籍探索百壮及以上大剂量灸的运用规律","基于古籍探索百壮 及 以上 大剂量 灸的 运用 规律"
"当归六黄汤治疗大剂量肾上腺皮质激素所致不良反应分析","当归六黄汤 治疗 大剂量 肾上腺皮质激素 所致 不良反应 分析"
"刘清泉运用大剂量凉血解毒药物救治红皮病重症1例","刘清泉运用 大剂量 凉血解毒药物 救治 红皮病重症1例"
"基于阴虚内热辨证治疗颈椎脊髓休克大剂量激素冲击后顽固性发热的临床研究","基于阴虚内热辨证 治疗 颈椎脊髓休克 大剂量 激素 冲击后顽固性发热的临床研究"
"李广文应用大剂量黄芪临床经验","李广文应用 大剂量 黄芪 临床经验"
"大剂量比索洛尔联合黄连阿胶汤加减和电针治疗阴虚火旺型心血管神经症的效果","大剂量 比索洛尔 联合 黄连阿胶汤加减和电针 治疗 阴虚火旺型心血管神经症的效果"
"大剂量加味四君子汤序贯治疗老年中晚期非小细胞肺癌临床研究","大剂量 加味四君子汤 序贯 治疗 老年中晚期非小细胞肺癌临床研究"
"大剂量参附注射液治疗重症急性胰腺炎合并脓毒症休克对患者HSP70、IL-10表达的影响","大剂量 参附注射液 治疗 重症急性胰腺炎合并脓毒症休克 对 患者HSP70、IL-10表达的 影响"
"基于氧化应激的三草愈疡汤防治大剂量甲氨蝶呤化疗后口腔黏膜炎机制研究","基于氧化应激的三草愈疡汤 防治 大剂量 甲氨蝶呤 化疗后口腔黏膜炎机制 研究"
"中医药强化大剂量维生素C治疗肿瘤作用","中医药强化 大剂量 维生素C 治疗 肿瘤作用"
"大剂量黄芪治疗老年皮肤损伤久不愈合验案一则","大剂量 黄芪 治疗 老年皮肤损伤久不愈合 验案 一则"
"大剂量半夏治疗脾虚胃热型慢性胃炎的临床疗效及其安全性评估","大剂量 半夏 治疗 脾虚胃热型慢性胃炎的临床疗效及其安全性评估"
"王晞星教授运用大剂量黄芪治疗肿瘤并发症的临证经验","王晞星教授运用 大剂量 黄芪 治疗 肿瘤并发症的 临证经验"
"大剂量黄芪在皮肤科的应用","大剂量 黄芪 在 皮肤科的 应用"
"刍议大剂量附子在冠心病治疗中的应用","刍议 大剂量 附子 在 冠心病 治疗 中的 应用"
"金银花汤联合大剂量土茯苓对梅毒患者外周血淋巴细胞以及血清白介素因子的影响研究","金银花汤 联合 大剂量 土茯苓 对 梅毒患者外周血淋巴细胞 以及 血清白介素因子的 影响 研究"
"冯建华运用大剂量黄芪治疗糖尿病周围神经病变的经验","冯建华运用 大剂量 黄芪 治疗 糖尿病周围神经病变的 经验"
"补阳还五汤联合大剂量黄芪对脑出血后遗症患者神经功能和生活质量的影响","补阳还五汤 联合 大剂量 黄芪 对 脑出血后遗症患者神经功能和生活质量的 影响"
"基于“五因三全”原则浅谈沈宗国大剂量用药经验","基于“五因三全”原则浅谈沈宗国 大剂量 用药 经验"
"大剂量延胡索配合三阶梯治疗癌痛的临床研究","大剂量 延胡索 配合 三阶梯 治疗 癌痛的临床研究"
"刍议大剂量葛根在冠心病治疗中的应用","刍议 大剂量 葛根 在 冠心病 治疗 中的 应用"
"雷根平运用大剂量药物经验","雷根平运用 大剂量 药物 经验"
"刘鲁明治疗胰腺癌应用大剂量清热解毒药物不败胃经验介绍","刘鲁明 治疗 胰腺癌 应用 大剂量 清热解毒药物 不败胃 经验介绍"
"柴胡垂盆汤对骨肉瘤患者大剂量甲氨蝶呤化疗所致肝损害修复作用研究","柴胡垂盆汤 对 骨肉瘤患者 大剂量 甲氨蝶呤 化疗所致肝损害修复作用 研究"
"大剂量葛根治疗颈性眩晕验案举隅","大剂量 葛根 治疗 颈性眩晕 验案 举隅"
"王笑民应用大剂量中药治疗肿瘤经验","王笑民应用 大剂量 中药 治疗 肿瘤 经验"
"不同剂量大承气汤灌肠联合大剂量皮硝外敷治疗肠梗阻的临床观察","不同剂量大承气汤灌肠 联合 大剂量 皮硝 外敷 治疗 肠梗阻的临床观察"
"四磨汤加味大剂量白术治疗顽固性便秘39例","四磨汤加味 大剂量 白术 治疗 顽固性便秘39例"
"卢尚岭大剂量用药经验总结与思考","卢尚岭 大剂量 用药 经验总结 与 思考"
"浅析大剂量生白术治疗小儿功能性便秘","浅析 大剂量 生白术 治疗 小儿功能性便秘"
"赵学印教授超大剂量有毒中药的临床应用","赵学印教授 超大剂量 有毒中药的临床应用"
"大剂量黄芪免煎颗粒治疗慢性心力衰竭的短期疗效观察","大剂量 黄芪 免煎颗粒 治疗 慢性心力衰竭的短期疗效观察"
"刘沈林教授用大剂量黄芪、党参治疗胃癌术后气虚证验案启迪","刘沈林教授用 大剂量 黄芪 、 党参 治疗 胃癌术后气虚证 验案启迪"
"大剂量参附注射液治疗急诊多发伤合并休克的疗效观察","大剂量 参附注射液 治疗 急诊多发伤合并休克的疗效观察"
"王伟应用大剂量三棱和莪术的临床经验总结","王伟应用 大剂量 三棱 和 莪术的临床经验总结"
"大剂量生黄芪对呼吸机相关膈肌功能障碍的影响","大剂量 生黄芪 对 呼吸机相关膈肌功能障碍的 影响"
"短期大剂量氢化可的松诱发小鼠药源性证候的评价研究","短期 大剂量 氢化可的松 诱发小鼠药源性证候的 评价研究"
"仝小林运用大剂量茯苓治疗高血压验案","仝小林运用 大剂量 茯苓 治疗 高血压 验案"
"大剂量仙鹤草对胃溃疡合并消化道出血患者短期转归的影响","大剂量 仙鹤草 对 胃溃疡合并消化道出血患者短期转归的 影响"
"不同剂量大承气汤灌肠联合大剂量皮硝外敷治疗肠梗阻的临床观察","不同剂量大承气汤灌肠 联合 大剂量 皮硝 外敷 治疗 肠梗阻的临床观察"
"真武汤合大剂量参附注射液治疗结直肠癌腹水18例","真武汤 合 大剂量 参附注射液 治疗 结直肠癌腹水18例"
"大剂量生脉合黄芪注射液治疗糖尿病急症疗效观察","大剂量 生脉合黄芪注射液 治疗 糖尿病急症 疗效观察"
"大剂量活血化瘀中药治疗脑出血后迟发性脑水肿疗效观察","大剂量 活血化瘀中药 治疗 脑出血后迟发性脑水肿 疗效观察"
"大剂量黄芪对气虚血瘀慢性心力衰竭患者NT-proBNP、CRP水平及心功能的影响探究","大剂量 黄芪 对 气虚血瘀慢性心力衰竭患者NT-proBNP、CRP水平 及 心功能的 影响 探究"
"陈树泉应用大剂量半夏治疗肿瘤经验","陈树泉应用 大剂量 半夏 治疗 肿瘤 经验"
"大剂量生地凉血汤对脓疱型血热证银屑病疗效观察及对血清肿瘤坏死因子-α的影响","大剂量 生地凉血汤 对 脓疱型血热证银屑病 疗效观察 及 对 血清肿瘤坏死因子-α的 影响"
"大剂量黄芪注射液对慢性肾衰竭患者的治疗效果研究","大剂量 黄芪 注射液 对 慢性肾衰竭患者的 治疗 效果 研究"
"大剂量生白术治疗慢传输型便秘","大剂量 生白术 治疗 慢传输型便秘"
"彭江云教授运用大剂量附子为君药治疗强直性脊柱炎验案举隅","彭江云教授运用 大剂量 附子 为君药 治疗 强直性脊柱炎 验案 举隅"
"大剂量参苓白术散加减对胃癌术后化疗耐受性及生命质量的影响","大剂量 参苓白术散 加减 对 胃癌术后化疗耐受性 及 生命质量的 影响"
"大剂量芍药甘草汤治疗呃逆案例一则","大剂量 芍药甘草汤 治疗 呃逆 案例 一则"
"大剂量复方木尼孜其颗粒治疗女性黄褐斑临床疗效观察","大剂量 复方木尼孜其颗粒 治疗 女性黄褐斑临床疗效观察"
"《圣余医案》大剂量应用白术的经验","《圣余医案》 大剂量 应用 白术的 经验"
"大剂量甘草组方治疗风痰阻肺型哮喘的疗效与安全性分析","大剂量 甘草 组方 治疗 风痰阻肺型哮喘的疗效 与 安全性分析"
"大剂量黄芪注射液合当归芍药散治疗肾性水肿34例","大剂量 黄芪 注射液 合 当归芍药散 治疗 肾性水肿34例"
"大剂量脉络宁注射液治疗糖尿病周围神经病变40例临床疗效","大剂量 脉络宁注射液 治疗 糖尿病周围神经病变40例临床疗效"
"大剂量生大黄辅助治疗重症急性胰腺炎肠麻痹的疗效研究","大剂量 生大黄 辅助治疗 重症急性胰腺炎肠麻痹的疗效研究"
"镇痛下大剂量牵引结合手法治疗腰椎间盘突出症56例疗效分析","镇痛下 大剂量 牵引 结合 手法 治疗 腰椎间盘突出症56例疗效分析"
"大剂量土茯苓辨治痛风","大剂量 土茯苓 辨治 痛风"
"史锁芳教授运用大剂量黄芪临床经验","史锁芳教授运用 大剂量 黄芪 临床经验"
"大剂量疏血通联合针灸治疗老年急性脑梗死临床研究","大剂量 疏血通 联合 针灸 治疗 老年急性脑梗死临床研究"
"《伤寒论》药物大剂量应用初步探讨","《伤寒论》药物 大剂量 应用 初步探讨"
"大剂量生白术配伍枳实治疗慢传输型便秘62例","大剂量 生白术 配伍 枳实 治疗 慢传输型便秘62例"
"超大剂量附子、苍术治疗重症阳虚寒湿型强直性脊柱炎验案1则","超大剂量 附子 、 苍术 治疗 重症阳虚寒湿型强直性脊柱炎 验案 1则"
"大剂量甘草组方治疗风痰阻肺型支气管哮喘急性发作的临床研究","大剂量 甘草 组方 治疗 风痰阻肺型支气管哮喘急性发作的临床研究"
"中医辨证治疗大剂量人参致药物性肝炎患者1例","中医辨证 治疗 大剂量 人参 致 药物性肝炎患者1例"
"雷根平用大剂量黄芪治疗糖尿病肾病验案1则","雷根平用 大剂量 黄芪 治疗 糖尿病肾病 验案 1则"
"大剂量应用附子治疗脑瘤典型病例分析","大剂量 应用 附子 治疗 脑瘤典型病例分析"
"大剂量黄芪对慢性阻塞性肺病急性加重期合并肺真菌病的疗效观察","大剂量 黄芪 对 慢性阻塞性肺病急性加重期合并肺真菌病的疗效观察"
"大剂量复方丹参注射液治疗高脂血症性急性胰腺炎的临床研究","大剂量 复方丹参注射液 治疗 高脂血症性急性胰腺炎的临床研究"
"大剂量芒硝外敷治疗危重病患者胃肠功能障碍35例","大剂量 芒硝 外敷 治疗 危重病患者胃肠功能障碍35例"
"《金匮要略》大剂量黄芪应用验案举隅","《金匮要略》 大剂量 黄芪 应用 验案 举隅"
"大剂量生半夏治疗失眠验案一则","大剂量 生半夏 治疗 失眠 验案 一则"
"张志远先生应用大剂量白术经验","张志远先生应用 大剂量 白术 经验"
"对大剂量藤梨根截断扭转慢性萎缩性胃炎的认识","对 大剂量 藤梨根 截断扭转慢性萎缩性胃炎的认识"
"大剂量生地凉血汤对脓疱型血热证银屑病疗效观察及对血清肿瘤坏死因子-α的影响","大剂量 生地凉血汤 对 脓疱型血热证银屑病 疗效观察 及 对 血清肿瘤坏死因子-α的 影响"
"生脉散与磷酸肌酸钠联合大剂量维生素C治疗病毒性心肌炎临床疗效对比观察","生脉散 与 磷酸肌酸钠 联合 大剂量 维生素C 治疗 病毒性心肌炎临床疗效对比观察"
"大剂量大黄合用中药复方治疗早期慢性肾功能衰竭的临床观察","大剂量 大黄 合用中药复方 治疗 早期慢性肾功能衰竭的临床观察"
"大剂量活血化瘀中药治疗脑出血后迟发性脑水肿疗效观察","大剂量 活血化瘀中药 治疗 脑出血后迟发性脑水肿 疗效观察"
"养阴合剂防治肾病综合征大剂量激素治疗副作用的适时性探讨","养阴合剂 防治 肾病综合征 大剂量 激素 治疗 副作用的适时性 探讨"
"大剂量消痔灵注射液治疗重度直肠脱垂1例","大剂量 消痔灵注射液 治疗 重度直肠脱垂1例"
"八珍汤联合大剂量化疗治疗骨肉瘤临床观察","八珍汤 联合 大剂量 化疗 治疗 骨肉瘤临床观察"
"自拟护肝方治疗骨肉瘤大剂量甲氨蝶呤化疗后药物性肝损伤的临床观察","自拟护肝方 治疗 骨肉瘤 大剂量 甲氨蝶呤 化疗后药物性肝损伤的临床观察"
"大剂量细辛治疗脑鸣耳鸣体会","大剂量 细辛 治疗 脑鸣耳鸣 体会"
"仝小林大剂量应用半夏临床治验4则","仝小林 大剂量 应用 半夏 临床治验4则"
"大剂量蛇六谷治疗胰腺癌临床体会","大剂量 蛇六谷 治疗 胰腺癌临床 体会"
"刘鲁明运用大剂量半枝莲治疗胰腺癌经验","刘鲁明运用 大剂量 半枝莲 治疗 胰腺癌 经验"
"史锁芳运用大剂量黄芪治疗慢阻肺验案2则","史锁芳运用 大剂量 黄芪 治疗 慢阻肺 验案 2则"
"大剂量参附注射液对急诊多发伤合并休克凝血功能的影响","大剂量 参附注射液 对 急诊多发伤合并休克凝血功能的 影响"
"大剂量大承气汤深度灌肠治疗脊柱外伤截瘫患者腹胀33例","大剂量 大承气汤 深度灌肠 治疗 脊柱外伤截瘫患者腹胀33例"
"大剂量黄芪注射液联合川芎嗪注射液治疗77例糖尿病肾病的疗效分析","大剂量 黄芪 注射液 联合 川芎嗪注射液 治疗 77例糖尿病肾病的疗效分析"
"联合使用大剂量痰热清注射液治疗脓毒症患者疗效观察","联合使用 大剂量 痰热清注射液 治疗 脓毒症患者 疗效观察"
"大剂量茵陈蒿汤治疗慢性乙型重型肝炎1例","大剂量 茵陈蒿汤 治疗 慢性乙型重型肝炎1例"
"大剂量生白术合胃肠动力中药治疗老年性气虚型便秘65例","大剂量 生白术 合胃肠动力中药 治疗 老年性气虚型便秘65例"
"大剂量应用附子出现瞑眩反应体会","大剂量 应用 附子 出现瞑眩反应 体会"
"镇痛下大剂量牵引结合手法治疗腰椎间盘突出症30例","镇痛下 大剂量 牵引 结合 手法 治疗 腰椎间盘突出症30例"
"大剂量黄芪注射液治疗囊尾蚴性脑积水的疗效观察","大剂量 黄芪 注射液 治疗 囊尾蚴性脑积水的疗效观察"
"以大剂量白芍为主治疗头晕1例","以 大剂量 白芍 为主 治疗 头晕1例"
"大剂量青风藤致少见全身性急性荨麻疹3例分析","大剂量 青风藤 致 少见全身性急性荨麻疹3例分析"
"张昱运用大剂量黄芪治疗肾病蛋白尿的经验","张昱运用 大剂量 黄芪 治疗 肾病蛋白尿的 经验"
"大剂量仙鹤草治疗过敏性紫癜致肠道出血1例","大剂量 仙鹤草 治疗 过敏性紫癜 致 肠道出血1例"
"大剂量清胃合剂治疗霉菌性食管炎51例临床观察","大剂量 清胃合剂 治疗 霉菌性食管炎51例临床观察"
"大剂量石膏治疗小儿感冒高热180例","大剂量 石膏 治疗 小儿感冒高热180例"
"自拟愈疡汤防治大剂量MTX化疗后口腔溃疡的临床观察","自拟愈疡汤 防治 大剂量 MTX化疗后口腔溃疡的临床观察"
"大剂量黄芪针治疗AECOPD机械通气患者的临床观察","大剂量 黄芪针 治疗 AECOPD机械通气患者的临床观察"
"大剂量赤芍治疗急性乳腺炎60例","大剂量 赤芍 治疗 急性乳腺炎60例"
"丹参川芎嗪注射液联合大剂量黄芪注射液治疗糖尿病肾病的临床观察","丹参川芎嗪注射液 联合 大剂量 黄芪 注射液 治疗 糖尿病肾病的临床观察"
"中医药防治肾病综合征大剂量激素性骨质疏松研究概况","中医药 防治 肾病综合征 大剂量 激素 性骨质疏松 研究概况"
"大剂量生黄芪治疗变应性鼻炎临床观察","大剂量 生黄芪 治疗 变应性鼻炎临床观察"
"仝小林教授应用大剂量葛根芩连汤治疗直肠炎经验","仝小林教授应用 大剂量 葛根芩连汤 治疗 直肠炎 经验"
"大剂量四逆汤临床治验3则","大剂量 四逆汤 临床治验3则"
"大剂量皮硝外敷治疗肠梗阻的疗效观察与护理","大剂量 皮硝 外敷 治疗 肠梗阻的疗效观察 与 护理"
"大剂量北芪四逆汤治疗晚期癌症经验","大剂量 北芪四逆汤 治疗 晚期癌症 经验"
"大剂量维生素B12联合针刺治疗三叉神经痛临床观察","大剂量 维生素B12 联合 针刺 治疗 三叉神经痛临床观察"
"大剂量旋覆代赭汤治疗脾胃虚弱型糖尿病胃轻瘫临床观察","大剂量 旋覆代赭汤 治疗 脾胃虚弱型糖尿病胃轻瘫临床观察"
"苦碟子联用大剂量黄芪治疗糖尿病肾病的临床研究","苦碟子 联用 大剂量 黄芪 治疗 糖尿病肾病的临床研究"
"大剂量大承气汤治疗胸腰椎骨折后腹胀便秘44例疗效观察","大剂量 大承气汤 治疗 胸腰椎骨折后腹胀便秘44例 疗效观察"
"八正散加用大剂量鱼腥草治疗女性急性膀胱炎70例","八正散 加用 大剂量 鱼腥草 治疗 女性急性膀胱炎70例"
"仝小林运用大剂量酸枣仁治疗失眠经验举隅","仝小林运用 大剂量 酸枣仁 治疗 失眠 经验 举隅"
"大剂量清热化瘀中药对乙型肝炎相关性慢加急性肝衰竭生存影响的前瞻性队列研究","大剂量 清热化瘀中药 对 乙型肝炎相关性慢加急性肝衰竭生存影响的前瞻性队列研究"
"大剂量灵芝与红景天对肺癌恶液质患者生活质量的影响","大剂量 灵芝 与 红景天 对 肺癌恶液质患者生活质量的 影响"
"大剂量生脉注射液对充血性心力衰竭患者血浆BNP的影响","大剂量 生脉注射液 对 充血性心力衰竭患者血浆BNP的 影响"
"大剂量川芎为主辨证治疗偏头痛137例","大剂量 川芎 为主 辨证 治疗 偏头痛137例"
"参麦注射液对骨肉瘤患者大剂量化疗后免疫功能的调节作用","参麦注射液 对 骨肉瘤患者 大剂量 化疗后免疫功能的 调节作用"
"运用大剂量附子治疗难治性哮喘体会","运用 大剂量 附子 治疗 难治性哮喘 体会"
"大剂量黄芪注射液合用刺五加治疗急性脑梗死疗效观察","大剂量 黄芪 注射液 合用 刺五加 治疗 急性脑梗死 疗效观察"
"大剂量犀角地黄汤加味治疗慢性乙型肝炎的临床研究","大剂量 犀角地黄汤 加味 治疗 慢性乙型肝炎的临床研究"
"通心络胶囊短期大剂量应用对不稳定性心绞痛血清炎性因子的影响","通心络胶囊短期 大剂量 应用 对 不稳定性心绞痛血清炎性因子的 影响"
"大剂量黄芪桂枝五物汤治疗糖尿病周围神经病变34例","大剂量 黄芪 桂枝五物汤 治疗 糖尿病周围神经病变34例"
"史锁芳教授运用大剂量附子治疗寒性哮喘的经验","史锁芳教授运用 大剂量 附子 治疗 寒性哮喘的 经验"
"复方甘草甜素联合大剂量丹参治疗原发性胆汁性肝硬化31例","复方甘草甜素 联合 大剂量 丹参 治疗 原发性胆汁性肝硬化31例"
"大剂量黄芪治疗扩张型心肌病合并心力衰竭的临床观察","大剂量 黄芪 治疗 扩张型心肌病合并心力衰竭的临床观察"
"大剂量生黄芪在ICU中的应用","大剂量 生黄芪 在 ICU 中的 应用"
"大剂量炮附子治疗难治性肾病综合征22例","大剂量 炮附子 治疗 难治性肾病综合征22例"
"大剂量玄参治狂病有效","大剂量 玄参 治 狂病有效"
"大剂量“炙甘草汤”临床运用心得","大剂量 “炙甘草汤” 临床运用 心得"
"大剂量黄芪注射液治疗不稳定型心绞痛患者的疗效观察","大剂量 黄芪 注射液 治疗 不稳定型心绞痛患者的 疗效观察"
"短期大剂量通心络对冠心病患者QT离散度的影响","短期 大剂量 通心络 对 冠心病患者QT离散度的 影响"
"大剂量应用香菇多糖对反复医院内感染老年患者免疫功能的影响","大剂量 应用 香菇多糖 对 反复医院内感染老年患者免疫功能的 影响"
"当归六黄汤治疗大剂量肾上腺皮质激素所致不良反应的临床观察","当归六黄汤 治疗 大剂量 肾上腺皮质激素 所致 不良反应的临床观察"
"大剂量附子(四逆汤)治疗转移性骨肿瘤疼痛30例疗效观察","大剂量 附子 (四逆汤) 治疗 转移性骨肿瘤疼痛30例 疗效观察"
"大剂量黄芪注射液治疗病毒性心肌炎46例疗效观察","大剂量 黄芪 注射液 治疗 病毒性心肌炎46例 疗效观察"
"使用大剂量滑石粉验案","使用 大剂量 滑石粉 验案"
"仝小林教授应用大剂量毒剧药治疗重症糖尿病周围神经痛验案1则","仝小林教授应用 大剂量 毒剧药 治疗 重症糖尿病周围神经痛 验案 1则"
"史锁芳教授应用大剂量甘草治疗支气管哮喘探讨经验","史锁芳教授应用 大剂量 甘草 治疗 支气管哮喘 探讨经验"
"《金匮要略》大剂量用药初步探讨","《金匮要略》 大剂量 用药 初步探讨"
"大剂量黄芪注射液联合川芎嗪注射液治疗糖尿病肾病疗效观察","大剂量 黄芪 注射液 联合 川芎嗪注射液 治疗 糖尿病肾病 疗效观察"
"大剂量川芎加味治疗偏头痛","大剂量 川芎 加味 治疗 偏头痛"
"早期大剂量应用丹参对急性颈髓损伤患者血液流变性的影响","早期 大剂量 应用 丹参 对 急性颈髓损伤患者血液流变性的 影响"
"大剂量白芍治疗过敏性鼻炎","大剂量 白芍 治疗 过敏性鼻炎"
"早期大剂量应用丹参对急性颈髓损伤的保护作用","早期 大剂量 应用 丹参 对 急性颈髓损伤的保护作用"
"大剂量中药治疗糖尿病疑难重症的思路","大剂量 中药 治疗 糖尿病疑难重症的 思路"
"名家大剂量用附子医案赏析","名家 大剂量 用 附子 医案 赏析"
"大剂量生脉注射液治疗冠心病68例临床观察","大剂量 生脉注射液 治疗 冠心病68例临床观察"
"大剂量豨莶草为主治疗冠心病体会","大剂量 豨莶草 为主 治疗 冠心病 体会"
"大剂量生南星治疗鼻咽癌的毒性学研究","大剂量 生南星 治疗 鼻咽癌的毒性学 研究"
"大剂量郁金治疗胆结石","大剂量 郁金 治疗 胆结石"
"仝小林教授应用大剂量黄芪治疗痿证经验","仝小林教授应用 大剂量 黄芪 治疗 痿证 经验"
"大剂量二十五味珊瑚丸吞服治疗偏头痛的临床对照研究","大剂量 二十五味珊瑚丸 吞服 治疗 偏头痛的临床对照研究"
"大剂量单味黄芪运用举隅","大剂量 单味黄芪 运用 举隅"
"大剂量活血化瘀中药治疗肝脏纤维化的临床观察","大剂量 活血化瘀中药 治疗 肝脏纤维化的临床观察"
"大剂量参附注射液治疗重症难治性心力衰竭临床观察","大剂量 参附注射液 治疗 重症难治性心力衰竭临床观察"
"大剂量赤芍复方治疗淤胆型肝炎研究","大剂量 赤芍 复方 治疗 淤胆型肝炎 研究"
"大剂量黄芪针联合疏血通针治疗肾性蛋白尿50例体会","大剂量 黄芪针 联合 疏血通针 治疗 肾性蛋白尿50例 体会"
"大剂量金钱石苇散治疗泌尿系结石20例","大剂量 金钱石苇散 治疗 泌尿系结石20例"
"火神派医家超大剂量安全使用附子探密","火神派医家 超大剂量 安全使用 附子 探密"
"大剂量血塞通治疗糖尿病视网膜病变的临床观察","大剂量 血塞通 治疗 糖尿病视网膜病变的临床观察"
"中药大剂量运用相关问题探讨","中药 大剂量 运用 相关问题 探讨"
"大剂量川芎嗪治疗不稳定型心绞痛78例临床观察","大剂量 川芎嗪 治疗 不稳定型心绞痛78例临床观察"
"单用大剂量参麦注射液治疗小儿病毒性心肌炎的疗效及对肝肾功能的影响","单用 大剂量 参麦注射液 治疗 小儿病毒性心肌炎的疗效 及 对 肝肾功能的 影响"
"大剂量六味地黄丸治疗顽固性口腔溃疡","大剂量 六味地黄丸 治疗 顽固性口腔溃疡"
"大剂量葛根治疗颈椎病80例体会","大剂量 葛根 治疗 颈椎病80例 体会"
"大剂量黄芪注射液联用阿昔洛韦治疗病毒性心肌炎疗效观察","大剂量 黄芪 注射液 联用 阿昔洛韦 治疗 病毒性心肌炎 疗效观察"
"大剂量雷公藤多甙对慢性肾炎的疗效观察","大剂量 雷公藤多甙 对 慢性肾炎的疗效观察"
"大剂量仙鹤草治疗梅尼埃病100例","大剂量 仙鹤草 治疗 梅尼埃病100例"
"应用大剂量附子临床治验举隅","应用 大剂量 附子 临床治验 举隅"
"大剂量稳心颗粒治疗肥胖患者期前收缩40例疗效观察","大剂量 稳心颗粒 治疗 肥胖患者期前收缩40例 疗效观察"
"大剂量薏苡仁止痛","大剂量 薏苡仁 止痛"
"石景亮大剂量半夏治疗慢性肾衰竭临床应用举隅","石景亮 大剂量 半夏 治疗 慢性肾衰竭临床 应用 举隅"
"大剂量仙鹤草治疗梅尼埃病疗效观察","大剂量 仙鹤草 治疗 梅尼埃病 疗效观察"
"大剂量黄芪、参附注射液治疗老年慢性充血性心力衰竭临床观察","大剂量 黄芪 、 参附注射液 治疗 老年慢性充血性心力衰竭临床观察"
"大剂量黄芪注射液联合血栓通治疗椎-基底动脉缺血性眩晕的临床观察","大剂量 黄芪 注射液 联合 血栓通 治疗 椎-基底动脉缺血性眩晕的临床观察"
"中药超大剂量应用历史及现状","中药 超大剂量 应用 历史 及 现状"
"大剂量参麦针减轻恶性肿瘤化疗后毒副反应的临床观察","大剂量 参麦针 减轻 恶性肿瘤 化疗后毒副反应的临床观察"
"大剂量生半夏治疗恶性肿瘤16例","大剂量 生半夏 治疗 恶性肿瘤16例"
"大剂量生脉注射液治疗急性左心衰伴心源性休克的临床疗效观察","大剂量 生脉注射液 治疗 急性左心衰伴心源性休克的临床疗效观察"
"大剂量参附液治疗婴幼儿哮喘的临床与实验研究","大剂量 参附液 治疗 婴幼儿哮喘的临床 与 实验研究"
"大剂量血脂康在经皮冠状动脉介入术中的炎症抑制作用","大剂量 血脂康 在 经皮冠状动脉介入术中的炎症抑制作用"
"大剂量黄芪、川芎嗪注射液治疗椎-基底动脉供血不足临床体会","大剂量 黄芪 、 川芎嗪注射液 治疗 椎-基底动脉供血不足临床 体会"
"大剂量参麦注射液对慢性肺心病右心功能的早期影响","大剂量 参麦注射液 对 慢性肺心病右心功能的早期 影响"
"大剂量丹参注射液佐治急性呼吸窘迫综合征47例","大剂量 丹参注射液 佐治 急性呼吸窘迫综合征47例"
"大剂量丹参注射液治疗肝硬化门脉高压脾切除术后血小板增多症","大剂量 丹参注射液 治疗 肝硬化门脉高压脾切除术后血小板增多症"
"大剂量痰热清治疗慢性阻塞性肺疾病急性期疗效观察","大剂量 痰热清 治疗 慢性阻塞性肺疾病急性期 疗效观察"
"大剂量黄芪注射液治疗以蛋白尿为主难治性紫癜肾8例临床体会","大剂量 黄芪 注射液 治疗 以蛋白尿为主难治性紫癜肾8例临床 体会"
"大剂量黄芪治疗急性病毒性心肌炎141例临床观察","大剂量 黄芪 治疗 急性病毒性心肌炎141例临床观察"
"大剂量芍药甘草汤治疗普通型肌肉痛性痉挛68例","大剂量 芍药甘草汤 治疗 普通型肌肉痛性痉挛68例"
"大剂量参附针对机械通气COPD患者胃黏膜pHi值的影响","大剂量 参附 针对 机械通气COPD患者胃黏膜pHi值的 影响"
"超大剂量醒脑静联用纳络酮治疗急重症昏迷3例","超大剂量 醒脑静 联用 纳络酮 治疗 急重症昏迷3例"
"大剂量赤芍治疗重症急性胰腺炎疗效观察","大剂量 赤芍 治疗 重症急性胰腺炎 疗效观察"
"大剂量赤芍治疗淤胆型肝炎25例","大剂量 赤芍 治疗 淤胆型肝炎25例"
"大剂量痰热清注射液治疗支气管肺炎30例","大剂量 痰热清注射液 治疗 支气管肺炎30例"
"大剂量赤芍治疗慢性重型肝炎患者对血小板的影响","大剂量 赤芍 治疗 慢性重型肝炎患者 对 血小板的 影响"
"陈宏珪教授运用大剂量川芎治愈眩晕1例","陈宏珪教授运用 大剂量 川芎 治愈 眩晕1例"
"大剂量保和丸治疗胃内结石(附88例报告)","大剂量 保和丸 治疗 胃内结石 (附88例报告)"
"大剂量薏苡仁善止痛","大剂量 薏苡仁 善 止痛"
"大剂量生脉注射液对不稳定型心绞痛病人P选择素及D-二聚体的影响","大剂量 生脉注射液 对 不稳定型心绞痛病人P选择素 及 D-二聚体的 影响"
"大剂量黄芪静滴治疗格林—巴利综合征68例体会","大剂量 黄芪 静滴 治疗 格林—巴利综合征68例 体会"
"大剂量参麦注射液纠正规律血液透析中低血压","大剂量 参麦注射液 纠正 规律血液透析中低血压"
"大剂量黄芪注射液治疗格林-巴利综合征25例","大剂量 黄芪 注射液 治疗 格林-巴利综合征25例"
"大剂量皮硝腹部外敷缓解胰腺炎疼痛的临床疗效观察","大剂量 皮硝 腹部外敷 缓解 胰腺炎疼痛的临床疗效观察"
"大剂量赤芍治疗急性病毒性肝炎并高胆红素血症56例","大剂量 赤芍 治疗 急性病毒性肝炎 并 高胆红素血症56例"
"大剂量舒血宁注射液治疗血管性痴呆临床研究","大剂量 舒血宁注射液 治疗 血管性痴呆临床研究"
"大剂量六味地黄丸治疗2型糖尿病78例","大剂量 六味地黄丸 治疗 2型糖尿病78例"
"大剂量疏血通注射液治疗急性脑梗死32例","大剂量 疏血通注射液 治疗 急性脑梗死32例"
"大剂量血脂康在经皮冠状动脉介入治疗中的心肌保护作用","大剂量 血脂康 在 经皮冠状动脉介入 治疗 中的心肌保护作用"
"大剂量参麦注射液辅助治疗新生儿充血性心力衰竭疗效观察","大剂量 参麦注射液 辅助治疗 新生儿充血性心力衰竭 疗效观察"
"苦参碱联合大剂量丹参注射液治疗病毒性肝炎高胆红素血症临床观察","苦参碱 联合 大剂量 丹参注射液 治疗 病毒性肝炎高胆红素血症临床观察"
"李虎明大剂量黄连内服促进伤口愈合的机理探讨","李虎明 大剂量 黄连 内服促进伤口愈合的机理 探讨"
"大剂量茯苓治疗不寐24例","大剂量 茯苓 治疗 不寐24例"
"大剂量黄芪佐治新生儿缺氧缺血性脑病的疗效观察","大剂量 黄芪 佐治 新生儿缺氧缺血性脑病的疗效观察"
"黄喘平超大剂量雾化吸入治疗支气管哮喘疗效观察","黄喘平 超大剂量 雾化吸入 治疗 支气管哮喘 疗效观察"
"大剂量脉络宁治疗糖尿病性脑梗死40例观察","大剂量 脉络宁 治疗 糖尿病性脑梗死40例 观察"
"大剂量丹参注射液对慢性肺心病肺动脉高压的影响","大剂量 丹参注射液 对 慢性肺心病肺动脉高压的 影响"
"大剂量参麦注射液抢救老年肺心病喘脱","大剂量 参麦注射液 抢救 老年肺心病喘脱"
"大剂量芍药甘草汤治验举隅","大剂量 芍药甘草汤 治验 举隅"
"大剂量乙肝疫苗穴位注射治疗HBV携带者的临床研究","大剂量 乙肝疫苗 穴位注射 治疗 HBV携带者的临床研究"
"大剂量黄芪对急性白血病患儿外周血树突状细胞的诱导和抗原呈递功能的影响","大剂量 黄芪 对 急性白血病患儿外周血树突状细胞的诱导 和 抗原呈递功能的 影响"
"大剂量服用蜂王浆对腰肌劳损引起的坐骨神经痛好","大剂量 服用 蜂王浆 对 腰肌劳损引起的坐骨神经痛 好"
"大剂量赤芍治疗重度瘀胆型肝炎30例报告","大剂量 赤芍 治疗 重度瘀胆型肝炎30例 报告"
"大剂量灯盏花素治疗不稳定型心绞痛的临床研究","大剂量 灯盏花素 治疗 不稳定型心绞痛的临床研究"
"大剂量食用蜂蜜治愈腰椎管狭窄症","大剂量 食用 蜂蜜 治愈 腰椎管狭窄症"
"大剂量黄芪治疗病毒性心肌炎81例临床观察","大剂量 黄芪 治疗 病毒性心肌炎81例临床观察"
"大剂量茵陈治疗ABO母儿血型不合效果观察","大剂量 茵陈 治疗 ABO母儿血型不合效果观察"
"大剂量甘遂治疗急性肠梗阻","大剂量 甘遂 治疗 急性肠梗阻"
"大剂量车前子治婴幼儿腹泻","大剂量 车前子 治 婴幼儿腹泻"
"近20年附子超大剂量应用概况","近20年 附子 超大剂量 应用 概况"
"鸡血藤临床大剂量应用概述","鸡血藤临床 大剂量 应用 概述"
"大剂量中药辨证救治重症肺炎并多脏器功能衰竭1例","大剂量 中药 辨证 救治 重症肺炎 并 多脏器功能衰竭1例"
"大剂量雷公藤多甙片为主治疗原发性肾病综合征氮质血症1例","大剂量 雷公藤多甙片 为主 治疗 原发性肾病综合征氮质血症1例"
"大剂量生脉注射液救治休克45例","大剂量 生脉注射液 救治 休克45例"
"大剂量参附注射液治疗重度亡阳1例","大剂量 参附注射液 治疗 重度亡阳1例"
"大剂量黄连治验","大剂量 黄连 治验"
"大剂量黄芪和丹参治疗急性心肌炎246例","大剂量 黄芪 和 丹参 治疗 急性心肌炎246例"
"大剂量葛根水煎剂干预急性脑梗死的临床研究","大剂量 葛根 水煎剂 干预 急性脑梗死的临床研究"
"大剂量熟附子治疗脉管炎117例体会","大剂量 熟附子 治疗 脉管炎117例 体会"
"大剂量生地黄为主治痹证","大剂量 生地黄 为主 治 痹证"
"大剂量丹参注射液治疗脑栓塞1例","大剂量 丹参注射液 治疗 脑栓塞1例"
"大剂量清开灵注射液治疗急性脑梗塞40例","大剂量 清开灵注射液 治疗 急性脑梗塞40例"
"大剂量鲜旱莲草治疗气管炎","大剂量 鲜旱莲草 治疗 气管炎"
"大剂量参麦注射液抢救多发伤并多器官功能不全综合征50例","大剂量 参麦注射液 抢救 多发伤 并 多器官功能不全综合征50例"
"大剂量参附注射液治疗难治性心力衰竭34例","大剂量 参附注射液 治疗 难治性心力衰竭34例"
"大剂量白术治疗便秘3例","大剂量 白术 治疗 便秘3例"
"产后误服大剂量麝香致严重自汗症1例报告","产后误服 大剂量 麝香 致 严重自汗症1例 报告"
"大剂量鸡血藤治疗重症肌无力","大剂量 鸡血藤 治疗 重症肌无力"
"大剂量血塞通注射液对糖尿病周围神经传导速度的影响","大剂量 血塞通注射液 对 糖尿病周围神经传导速度的 影响"
"大剂量生脉注射液与疏血通注射液合用治疗10例心搏骤停的临床报告","大剂量 生脉注射液 与 疏血通注射液 合用 治疗 10例心搏骤停的临床报告"
"大剂量黄芪注射液伍川芎嗪注射液治疗缺血性中风疗效观察","大剂量 黄芪 注射液 伍 川芎嗪注射液 治疗 缺血性中风 疗效观察"
"大剂量黄连治验三则","大剂量 黄连 治验 三则"
"大剂量生地为主治疗原发性血小板减少紫癜(ITP)10例","大剂量 生地 为主 治疗 原发性血小板减少紫癜 (ITP)10例"
"大剂量生脉注射液对慢性心功能衰竭患者凝血功能的影响","大剂量 生脉注射液 对 慢性心功能衰竭患者凝血功能的 影响"
"大剂量川芎嗪治疗糖尿病周围神经病变60例分析","大剂量 川芎嗪 治疗 糖尿病周围神经病变60例分析"
"大剂量大黄治疗产后热毒病100例疗效分析","大剂量 大黄 治疗 产后热毒病100例 疗效分析"
"大剂量败酱草治疗女性生殖系统炎症","大剂量 败酱草 治疗 女性生殖系统炎症"
"大剂量川芎嗪治疗缺血性脑梗死102例","大剂量 川芎嗪 治疗 缺血性脑梗死102例"
"三草解毒汤预防大剂量甲孕酮不良反应的临床观察","三草解毒汤 预防 大剂量 甲孕酮 不良反应的临床观察"
"大剂量灯盏花素注射液治疗糖尿病足1例","大剂量 灯盏花素注射液 治疗 糖尿病足1例"
"中药大剂量应用治验二则","中药 大剂量 应用 治验 二则"
"大剂量附子治愈定时高热1例","大剂量 附子 治愈 定时高热1例"
"浅谈治疗小儿哮喘药物大剂量分服法之体会","浅谈 治疗 小儿哮喘药物 大剂量 分服法之 体会"
"大剂量复方丹参注射液治疗不稳定型心绞痛患者20例","大剂量 复方丹参注射液 治疗 不稳定型心绞痛患者20例"
"《伤寒论》药物大剂量应用初步探讨","《伤寒论》药物 大剂量 应用 初步探讨"
"大剂量生脉合黄芪注射液治疗糖尿病急症疗效观察","大剂量 生脉合黄芪注射液 治疗 糖尿病急症 疗效观察"
"大剂量阿胶治疗晚期肿瘤化疗后血小板减少症的临床研究","大剂量 阿胶 治疗 晚期肿瘤 化疗后血小板减少症的临床研究"
"早期大剂量应用三七总皂甙治疗脑出血60例","早期 大剂量 应用 三七总皂甙 治疗 脑出血60例"
"大剂量小青龙汤治疗肺心病疗效观察","大剂量 小青龙汤 治疗 肺心病 疗效观察"
"黄芪和大剂量川芎嗪注射液联合治疗不稳定型心绞痛60例","黄芪 和 大剂量 川芎嗪注射液 联合 治疗 不稳定型心绞痛60例"
"大剂量大黄煎剂治疗应激性溃疡出血28例","大剂量 大黄 煎剂 治疗 应激性溃疡出血28例"
"大剂量土茯苓为主治疗心律失常","大剂量 土茯苓 为主 治疗 心律失常"
"大剂量黄芪对慢性肾炎患者血、尿TNF-α的影响","大剂量 黄芪 对 慢性肾炎患者血 、 尿TNF-α的 影响"
"大剂量小青龙汤治疗肺心病哮喘疗效观察","大剂量 小青龙汤 治疗 肺心病哮喘 疗效观察"
"运用大剂量青风藤治疗风湿病的体会","运用 大剂量 青风藤 治疗 风湿病的 体会"
"大剂量清开灵治疗肺性脑病的疗效观察","大剂量 清开灵 治疗 肺性脑病的 疗效观察"
"大剂量糖皮质激素应用早期汗出过度探讨","大剂量 糖皮质激素 应用 早期汗出过度 探讨"
"大剂量中药内服为主治疗急性化脓性骨髓炎42例","大剂量 中药 内服 为主 治疗 急性化脓性骨髓炎42例"
"大剂量豨莶草为主治疗胸痹","大剂量 豨莶草 为主 治疗 胸痹"
"大剂量精制蝮蛇抗栓酶治疗早期脑梗塞135例","大剂量 精制蝮蛇抗栓酶 治疗 早期脑梗塞135例"
"大剂量黄芪注射液对慢性肾功能不全患者血浆、尿液内皮素的影响","大剂量 黄芪 注射液 对 慢性肾功能不全患者血浆 、 尿液内皮素的 影响"
"大剂量活蛇治愈药物性剥脱性皮炎1例","大剂量 活蛇 治愈 药物性剥脱性皮炎1例"
"大剂量维生素C和黄芪注射液治疗儿童病毒性心肌炎50例","大剂量 维生素C 和 黄芪 注射液 治疗 儿童病毒性心肌炎50例"
"大剂量雷公藤多甙片治疗肾性蛋白尿47例","大剂量 雷公藤多甙片 治疗 肾性蛋白尿47例"
"大剂量黄芪对慢性肾功能不全患者血、尿降钙素基因相关肽的影响","大剂量 黄芪 对 慢性肾功能不全患者血 、 尿降钙素基因相关肽的 影响"
"联用大剂量苦黄注射液和复方丹参注射液治疗重度黄疸型肝炎30例","联用 大剂量 苦黄注射液 和 复方丹参注射液 治疗 重度黄疸型肝炎30例"
"清开灵注射液为主抢救大剂量镇静催眠剂中毒49例","清开灵注射液 为主 抢救 大剂量 镇静催眠剂 中毒49例"
"大剂量葛根素抗心绞痛作用的对比研究","大剂量 葛根素 抗心绞痛作用的对比研究"
"大剂量黄芪注射液治疗糖尿病肾病慢性肾功能衰竭的临床观察","大剂量 黄芪 注射液 治疗 糖尿病肾病慢性肾功能衰竭的临床观察"
"大剂量脉络宁治疗女性下肢深静脉栓塞的临床观察","大剂量 脉络宁 治疗 女性下肢深静脉栓塞的临床观察"
"大剂量益气强心中药对充血性心力衰竭的影响","大剂量 益气强心中药 对 充血性心力衰竭的 影响"
"大剂量三七总甙注射液治疗冠心病心绞痛疗效观察","大剂量 三七总甙 注射液 治疗 冠心病心绞痛 疗效观察"
"大剂量川芎治疗偏头痛50例","大剂量 川芎 治疗 偏头痛50例"
"中药大剂量疗法治疗小儿感染性发热82例退热疗效观察","中药 大剂量 疗法 治疗 小儿感染性发热82例退热 疗效观察"
"防已猪苓汤合大剂量安体舒通治疗肝硬化腹水30例","防已猪苓汤 合 大剂量 安体舒通 治疗 肝硬化腹水30例"
"大剂量黄芪注射液治疗难治性心衰的临床观察","大剂量 黄芪 注射液 治疗 难治性心衰的临床观察"
"大剂量生乌附治疗截瘫6例小结","大剂量 生乌附 治疗 截瘫6例 小结"
"大剂量复方丹参注射液治疗急性白血病并发弥散性血管内凝血24例","大剂量 复方丹参注射液 治疗 急性白血病 并发弥散性血管内凝血24例"
"大剂量芒硝在皮肤科临床的床用","大剂量 芒硝 在 皮肤科临床的床用"
"大剂量黄芪注射液治疗橄榄-桥脑-小脑萎缩","大剂量 黄芪 注射液 治疗 橄榄-桥脑-小脑萎缩"
"大剂量川乌、草乌在痹证中的应用","大剂量 川乌 、 草乌 在 痹证 中的 应用"
"大剂量连翘疗黄疸","大剂量 连翘 疗 黄疸"
"大剂量麻黄附子治疗窦房结综合征2例报告","大剂量 麻黄附子 治疗 窦房结综合征2例 报告"
"大剂量川芎嗪治疗急性脑梗死94例","大剂量 川芎嗪 治疗 急性脑梗死94例"
"大剂量白芍配麻仁丸治疗子宫全切、阴道手术后便秘","大剂量 白芍 配麻仁丸 治疗 子宫全切 、 阴道手术后便秘"
"参麦注射液联合大剂量维生素C治疗病毒性心肌炎的体会","参麦注射液 联合 大剂量 维生素C 治疗 病毒性心肌炎的 体会"
"大剂量黄芪为主配合丹参静脉滴注治疗狼疮性肾炎30例临床观察","大剂量 黄芪 为主 配合 丹参 静脉滴注 治疗 狼疮性肾炎30例临床观察"
"大剂量六味地黄丸治疗慢性食道炎98例","大剂量 六味地黄丸 治疗 慢性食道炎98例"
"大剂量黄芪对中风后遗症30例的疗效观察","大剂量 黄芪 对 中风后遗症30例的疗效观察"
"大剂量紫草在非手术治疗异位妊娠中杀胚作用的临床观察","大剂量 紫草 在 非手术 治疗 异位妊娠中杀胚作用的临床观察"
"大剂量误服土豆根中毒1例报告","大剂量 误服土豆根 中毒 1例 报告"
"大剂量复方丹参治疗病毒性脑炎69例疗效观察","大剂量 复方丹参 治疗 病毒性脑炎69例 疗效观察"
"大剂量三七粉治疗鼻出血的疗效及安全性分析","大剂量 三七粉 治疗 鼻出血的疗效 及 安全性分析"
"大剂量车前子治疗顽固性便秘","大剂量 车前子 治疗 顽固性便秘"
"大剂量丹参注射液用于冠心病心肌缺血非心脏手术54例","大剂量 丹参注射液 用于 冠心病心肌缺血非心脏手术54例"
"大剂量复方丹参佐治肾病综合征近期疗效观察","大剂量 复方丹参 佐治 肾病综合征近期 疗效观察"
"大剂量复方大承气汤治疗急性肠梗阻34例疗效观察","大剂量 复方大承气汤 治疗 急性肠梗阻34例 疗效观察"
"大剂量川芎嗪治疗脑炎恢复期36例","大剂量 川芎嗪 治疗 脑炎 恢复期36例"
"大剂量和小剂量川芎嗪治疗脑梗塞的比较","大剂量 和小剂量 川芎嗪 治疗 脑梗塞的比较"
"大剂量丹参液冲击治疗脑血栓形成45例疗效观察","大剂量 丹参 液 冲击 治疗 脑血栓形成45例 疗效观察"
"大剂量黄连素治疗心律失常32例观察","大剂量 黄连素 治疗 心律失常32例 观察"
"抗栓酶-3号大剂量冲击疗法治疗急性脑血栓形成36例","抗栓酶-3号 大剂量 冲击疗法 治疗 急性脑血栓形成36例"
"大剂量川芎治愈髂静脉栓塞1例报告","大剂量 川芎 治愈 髂静脉栓塞1例 报告"
"大剂量芍药甘草汤为主治疗阑尾炎40例体会","大剂量 芍药甘草汤 为主 治疗 阑尾炎40例 体会"
"大剂量黄芪治疗顽固性心力衰竭体会","大剂量 黄芪 治疗 顽固性心力衰竭 体会"
"大剂量穿琥宁治疗急性呼吸道感染性疾病150例","大剂量 穿琥宁 治疗 急性呼吸道感染性疾病150例"
"温阳利水与大剂量消心痛治疗难治性心衰","温阳利水 与 大剂量 消心痛 治疗 难治性心衰"
"大剂量川芎嗪注射液对肺原性心脏病患者急性加重期的疗效观察","大剂量 川芎嗪 注射液 对 肺原性心脏病患者急性加重期的疗效观察"
"复方四金汤加用大剂量黄芪治疗中老年尿路结石42例","复方四金汤 加用 大剂量 黄芪 治疗 中老年尿路结石42例"
"大剂量黄芪液静滴对血小板减少性紫癜的治疗作用","大剂量 黄芪 液 静滴 对 血小板减少性紫癜的治疗作用"
"大剂量穿心莲治疗小儿病毒性顽固性上呼吸道感染","大剂量 穿心莲 治疗 小儿病毒性顽固性上呼吸道感染"
"大剂量石膏治疗剧烈头痛案","大剂量 石膏 治疗 剧烈头痛 案"
"大剂量生脉合丹参注射液救治急性心梗并心源性休克5例","大剂量 生脉合丹参 注射液 救治 急性心梗 并 心源性休克5例"
"大剂量槟榔驱绦虫32例观察","大剂量 槟榔 驱绦虫32例 观察"
"大剂量醒脑静注射液抢救病毒性脑炎昏迷1例","大剂量 醒脑静 注射液 抢救 病毒性脑炎昏迷1例"
"大剂量脉络宁治疗糖尿病坏疽1例","大剂量 脉络宁 治疗 糖尿病坏疽1例"
"大剂量川芎嗪治疗脑梗塞48例","大剂量 川芎嗪 治疗 脑梗塞48例"
"大剂量精制蝮蛇抗栓酶(Svate-3)治疗不稳定型心绞痛22例疗效观察","大剂量 精制蝮蛇抗栓酶 (Svate-3) 治疗 不稳定型心绞痛22例 疗效观察"
"大剂量附子在痹证中的应用","大剂量 附子 在 痹证 中的 应用"
"大剂量参麦注射液救治血脱举隅","大剂量 参麦注射液 救治 血脱 举隅"
"大剂量黄芪注射液治疗冠心病心绞痛68例临床观察","大剂量 黄芪 注射液 治疗 冠心病心绞痛68例临床观察"
"大剂量清开灵注射液在肝动脉栓塞术中的应用","大剂量 清开灵 注射液 在 肝动脉栓塞术中的 应用"
"大剂量生半夏在慢肝病脘腹胀满症中的应用","大剂量 生半夏 在 慢肝病脘腹胀满症中的 应用"
"大剂量对药挽治疑难杂症验案举隅","大剂量 对药 挽治疑难杂症 验案 举隅"
"大剂量泽漆为主治疗早期肝癌","大剂量 泽漆 为主 治疗 早期肝癌"
"大剂量方药治疗妇科出血症","大剂量 方药 治疗 妇科出血症"
"联用大剂量山莨菪碱和精制蝮蛇抗栓酶治疗糖尿病足30例","联用 大剂量 山莨菪碱 和 精制蝮蛇抗栓酶 治疗 糖尿病足30例"
"大剂量山萸肉配伍红参抢救元气欲脱证1例","大剂量 山萸肉 配伍 红参 抢救 元气欲脱证1例"
"大剂量蝉蜕治愈新生儿破伤风","大剂量 蝉蜕 治愈 新生儿破伤风"
"大剂量服用桂圆肉汤剂致虚不受补反应2例报告","大剂量 服用 桂圆肉汤剂 致虚 不受补反应2例 报告"
"大剂量对药挽治疑难杂症举隅","大剂量 对药 挽治疑难杂症 举隅"
"大剂量炙甘草加阿托品抢救草乌中毒致严重心律失常1例","大剂量 炙甘草 加 阿托品 抢救 草乌 中毒 致 严重心律失常1例"
"大剂量复方丹参注射液治疗新生儿缺氧缺血性脑病23例","大剂量 复方丹参注射液 治疗 新生儿缺氧缺血性脑病23例"
"联用乙胺碘呋酮大剂量谷维素及黄芪生脉饮治疗难治性频发室性早搏","联用乙胺碘呋酮 大剂量 谷维素 及 黄芪生脉饮 治疗 难治性频发室性早搏"
"大剂量对药治疗疑难杂证验案举隅","大剂量 对药 治疗 疑难杂证 验案 举隅"
"大剂量苏木治愈肋间神经痛12例体会","大剂量 苏木 治愈 肋间神经痛12例 体会"
"大剂量芍药甘草汤加味治疗肌肉痉挛性疼痛","大剂量 芍药甘草汤 加味 治疗 肌肉痉挛性疼痛"
"超大剂量云南白药治疗坏死性小肠炎","超大剂量 云南白药 治疗 坏死性小肠炎"
"大剂量麻黄附子细辛汤合桂枝汤治肝硬化腹水1则","大剂量 麻黄附子细辛汤 合 桂枝汤 治 肝硬化腹水1则"
"对“大剂量六神丸治愈12例顽固性头皮湿疹的体会”一文的验证","对 “大剂量六神丸治愈12例顽固性头皮湿疹的体会” 一文的验证"
"大剂量复方丹参注射液抗肝纤维化作用临床观察","大剂量 复方丹参注射液 抗肝纤维化作用 临床观察"
"应用大剂量茯苓治疗泄泻的体会","应用 大剂量 茯苓 治疗 泄泻的 体会"
"大剂量参麦、参附针救治感染性休克1例","大剂量 参麦 、 参附针 救治 感染性休克1例"
"大剂量仙鹤草煎剂超声雾化吸入治疗支气管扩张咯血","大剂量 仙鹤草 煎剂 超声雾化吸入 治疗 支气管扩张咯血"
"抢救超大剂量安定中毒1例成功体会","抢救 超大剂量 安定 中毒 1例成功体会"
"大剂量川芎复方治疗脉管炎1例","大剂量 川芎 复方 治疗 脉管炎1例"
"大剂量苦参治石淋","大剂量 苦参 治 石淋"
"大剂量丹参静滴为主治疗脑血栓形成27例","大剂量 丹参 静滴 为主 治疗 脑血栓形成27例"
"大剂量华蟾素治疗中晚期肝癌疗效观察","大剂量 华蟾素 治疗 中晚期肝癌 疗效观察"
"大剂量复方丹参治疗急性黄疸型病毒性肝炎临床观察","大剂量 复方丹参 治疗 急性黄疸型病毒性肝炎临床观察"
"大剂量黄芪在慢性肾炎中的应用","大剂量 黄芪 在 慢性肾炎 中的 应用"
"张志远教授应用大剂量黄芪经验","张志远教授应用 大剂量 黄芪 经验"
"大剂量生脉注射液抢救心源性休克体会","大剂量 生脉注射液 抢救 心源性休克 体会"
"大剂量复方丹参液静脉治疗冠心病38例","大剂量 复方丹参 液 静脉 治疗 冠心病38例"
"大剂量芍药甘草汤为主治疗胆囊炎36例","大剂量 芍药甘草汤 为主 治疗 胆囊炎36例"
"大剂量商陆、大黄为主治疗肝硬化腹水18例","大剂量 商陆 、 大黄 为主 治疗 肝硬化腹水18例"
"大剂量丹参对晚期癌性疼痛的止痛探讨","大剂量 丹参 对 晚期癌性疼痛的 止痛 探讨"
"大剂量丹参注射液治疗急性病毒性心肌炎64例","大剂量 丹参注射液 治疗 急性病毒性心肌炎64例"
"中药大剂量保留灌肠治疗慢性溃疡性结肠炎","中药 大剂量 保留灌肠 治疗 慢性溃疡性结肠炎"
"大剂量丹参为主抗肝纤维化的临床研究","大剂量 丹参 为主 抗肝纤维化的临床研究"
"大剂量生半夏治疗胃脘痞满症的几点体会","大剂量 生半夏 治疗 胃脘痞满症的几点 体会"
"大剂量乌附为主治疗痹证82例","大剂量 乌附 为主 治疗 痹证82例"
"大剂量蝉衣治疗破伤风","大剂量 蝉衣 治疗 破伤风"
"大剂量生川乌治疗中风、历节病经验谈","大剂量 生川乌 治疗 中风 、 历节病 经验谈"
"大剂量牛黄醒脑净治疗重症肝炎11例疗效观察","大剂量 牛黄醒脑净 治疗 重症肝炎11例 疗效观察"
"大剂量槐米泡剂治疗尿路结石","大剂量 槐米泡剂 治疗 尿路结石"
"大剂量川芎嗪静滴对肺心病患者血液流变学的影响","大剂量 川芎嗪 静滴 对 肺心病患者血液流变学的 影响"
"大剂量白术治疗便秘的临床验证","大剂量 白术 治疗 便秘的临床验证"
"大剂量川芎嗪治疗慢性肺心病加重期41例的疗效观察","大剂量 川芎嗪 治疗 慢性肺心病加重期41例的 疗效观察"
"大剂量肝炎灵治疗病毒性肝炎","大剂量 肝炎灵 治疗 病毒性肝炎"
"大剂量服用蜂王浆、蜂花粉使肝癌患者病愈有望","大剂量 服用 蜂王浆 、 蜂花粉 使 肝癌患者病愈有望"
"大剂量赤芍治疗病毒性肝炎高胆红素血症疗效观察","大剂量 赤芍 治疗 病毒性肝炎高胆红素血症 疗效观察"
"试用大剂量千金藤素治疗原发性血小板减少性紫瘕","试用 大剂量 千金藤素 治疗 原发性血小板减少性紫瘕"
"大剂量补骨脂益损汤治疗腰肌劳损10例观察","大剂量 补骨脂益损汤 治疗 腰肌劳损10例 观察"
"单味大剂量郁金治疗慢性肝炎麝浊异常32例","单味 大剂量 郁金 治疗 慢性肝炎麝浊异常32例"
"大剂量五灵脂的临床应用","大剂量 五灵脂 的临床应用"
"大剂量附子临床应用治验举隅","大剂量 附子 临床应用 治验 举隅"
"大剂量川芎治疗偏头痛50例","大剂量 川芎 治疗 偏头痛50例"
"大剂量莨菪碱对哮喘持续状态长期治疗的临床疗效分析——附131例报告","大剂量 莨菪碱 对 哮喘持续状态长期 治疗 的临床疗效分析 ——附131例报告"
"大剂量茅根为主配方治疗急性肾炎","大剂量 茅根 为主 配方 治疗 急性肾炎"
"大剂量白花蛇舌草治疗直肠癌1例","大剂量 白花蛇舌草 治疗 直肠癌1例"
"大剂量黄芪治疗顽固性心力衰竭","大剂量 黄芪 治疗 顽固性心力衰竭"
"大剂量“六神丸”治愈12例顽固性头皮湿疹的体会","大剂量 “六神丸” 治愈12例顽固性头皮湿疹的 体会"
"复方丹参注射液、大剂量维生素C治疗小儿病毒性心肌炎","复方丹参注射液 、 大剂量 维生素C 治疗 小儿病毒性心肌炎"
"大剂量强力宁、654—2、大黄治疗重肝26例临床观察","大剂量 强力宁 、 654—2 、 大黄 治疗 重肝26例临床观察"
"大剂量细辛临床应用","大剂量 细辛 临床应用"
"大剂量复方丹参治疗急性粒细胞白血病并发弥散性血管内凝血一例","大剂量 复方丹参 治疗 急性粒细胞白血病 并发弥散性血管内凝血 一例"
"大剂量复方丹参治疗紫癜性肾炎21例","大剂量 复方丹参 治疗 紫癜性肾炎21例"
"大剂量茅根为主配方治疗急性肾炎","大剂量 茅根 为主 配方 治疗 急性肾炎"
"大剂量丹参参麦针治疗急性心肌梗塞12例","大剂量 丹参参麦针 治疗 急性心肌梗塞12例"
"大剂量威灵仙治愈食道癌术后吻合口狭窄","大剂量 威灵仙 治愈 食道癌术后吻合口狭窄"
"大剂量百合黄连阿胶汤治疗顽固性失眠5例","大剂量 百合黄连阿胶汤 治疗 顽固性失眠5例"
"中医辨证结合大剂量维脑路通治疗急性缺血性中风25例疗效观察","中医辨证 结合 大剂量 维脑路通 治疗 急性缺血性中风25例 疗效观察"
"大剂量复方丹参治疗过敏性紫癜10例报告","大剂量 复方丹参 治疗 过敏性紫癜10例 报告"
"大剂量三棱莪术的临床应用","大剂量 三棱莪术 的临床应用"
"大剂量用庆大霉素致白细胞减少1例","大剂量 用 庆大霉素 致 白细胞减少1例"
"大剂量小续命汤治愈格林一巴利综合征2例","大剂量 小续命汤 治愈 格林一巴利综合征2例"
"单味大剂量枳壳煎剂治愈贲门失弛缓症一例报告","单味 大剂量 枳壳 煎剂 治愈 贲门失弛缓症 一例 报告"
"大剂量白芍合仙灵脾治疗小儿咳喘验案两则","大剂量 白芍 合 仙灵脾 治疗 小儿咳喘 验案 两则"
"大剂量板蓝根、大青叶抢救乙脑","大剂量 板蓝根 、 大青叶 抢救 乙脑"
"寿而康和大剂量二丙酸倍氯米松治疗慢性阻塞性肺病的临床研究","寿而康 和 大剂量 二丙酸倍氯米松 治疗 慢性阻塞性肺病的临床研究"
"治愈大剂量链霉素引起毒性反应案","治愈 大剂量 链霉素 引起 毒性反应 案"
"大剂量肉桂治阳萎","大剂量 肉桂 治 阳萎"
"大剂量维生素C静注治疗黄褐斑55例","大剂量 维生素C 静注 治疗 黄褐斑55例"
"大剂量谷维素的临床新用","大剂量 谷维素 的临床新用"
"大剂量丹参注射液治疗缺血性脑血管病120例","大剂量 丹参注射液 治疗 缺血性脑血管病120例"
"论中药大剂量用药","论中药 大剂量 用药"
"论中药大剂量用药","论中药 大剂量 用药"
"大剂量别直参诱发抑郁症伴激越状态一例","大剂量 别直参 诱发抑郁症伴激越状态 一例"
"大剂量用药举隅","大剂量 用药 举隅"
"大剂量谷维素对神经衰弱病人的康复疗效观察(附180例分析)","大剂量 谷维素 对 神经衰弱病人的康复疗效观察 (附180例分析)"
"大剂量芪枣治愈重症肌无力一例","大剂量 芪枣 治愈 重症肌无力 一例"
"大剂量赤芍治疗急性黄疸型病毒性肝炎的疗效观察","大剂量 赤芍 治疗 急性黄疸型病毒性肝炎的 疗效观察"
"大剂量丹参、黄芪液深部痛点注射治疗软组织性腰腿痛(附43例临床报告)","大剂量 丹参 、 黄芪 液深部痛点注射 治疗 软组织性腰腿痛 (附43例临床报告)"
"大剂量维生素C静脉注射治疗顽固性角膜炎50例","大剂量 维生素C 静脉注射 治疗 顽固性角膜炎50例"
"大剂量炒大黄煎剂抢救应激性溃疡大出血1例报告","大剂量 炒大黄 煎剂 抢救 应激性溃疡大出血1例 报告"
"大剂量运用大黄的临症经验","大剂量 运用 大黄 的 临症经验"
"大剂量654—2治疗血栓闭塞性脉管炎3例","大剂量 654—2 治疗 血栓闭塞性脉管炎3例"
"大剂量柴胡治疗慢性肝病","大剂量 柴胡 治疗 慢性肝病"
"处方中应用大剂量半枝莲的毒性观察","处方中 应用 大剂量 半枝莲 的毒性 观察"
"大剂量乌梢蛇煎剂治疗疖病17例疗效观察","大剂量 乌梢蛇 煎剂 治疗 疖病17例 疗效观察"
"单味大剂量生军对急慢性肝炎重度黄疸退黄有显效(附9例报告)","单味 大剂量 生军 对 急慢性肝炎重度黄疸退黄有显效 (附9例报告)"
"大剂量骨牵引加手法整复治疗陈旧性髋关节脱位(附七例报告)","大剂量 骨牵引 加 手法整复 治疗 陈旧性髋关节脱位 (附七例报告)"
"大剂量甘草解毒作用的临床验证","大剂量 甘草 解毒作用的临床验证"
"大剂量维生素A治疗囊肿性痤疮22例疗效总结","大剂量 维生素A 治疗 囊肿性痤疮22例 疗效总结"
"大剂量维生素C治疗胆道蛔虫胆绞痛24例","大剂量 维生素C 治疗 胆道蛔虫胆绞痛24例"
"大剂量地塞米松治疗红斑性肢痛症2例报告","大剂量 地塞米松 治疗 红斑性肢痛症2例 报告"
"大剂量附子合剂治疗心动过缓40例临床观察","大剂量 附子 合剂 治疗 心动过缓40例临床观察"
"大剂量黄芩为主治疗肺心病","大剂量 黄芩 为主 治疗 肺心病"
"附子大剂量临床运用探讨","附子 大剂量 临床运用 探讨"
"大剂量生大黄治疗急性出血性坏死性肠炎的初步观察","大剂量 生大黄 治疗 急性出血性坏死性肠炎的初步观察"
"大剂量服用田七中毒一例","大剂量 服用 田七 中毒 一例"
"对糖尿病合并感染应用大剂量胰岛素治疗的多议","对糖尿病合并感染 应用 大剂量 胰岛素 治疗 的多议"
"大剂量茵陈治疗急性传染性黄疸型肝炎84例疗效观察","大剂量 茵陈 治疗 急性传染性黄疸型肝炎84例 疗效观察"
"大剂量羚角钩藤汤加味治愈中毒性小儿舞蹈症","大剂量 羚角钩藤汤 加味 治愈 中毒性小儿舞蹈症"
"大剂量内服牛黄解毒片的教训","大剂量 内服牛黄解毒片 的教训"
"大剂量单味生大黄治疗急性黄疸型肝炎的初步观察","大剂量 单味生大黄 治疗 急性黄疸型肝炎的初步观察"
"大剂量黄芪为主治疗慢性肾炎","大剂量 黄芪 为主 治疗 慢性肾炎"
"大剂量黄连素配伍其他药治疗急慢性腹泻疗效观察","大剂量 黄连素 配伍其他药 治疗 急慢性腹泻 疗效观察"
"大剂量重楼治愈乳房纤维腺瘤一例","大剂量 重楼 治愈 乳房纤维腺瘤 一例"
"大剂量萱花治愈重症黄疸一例","大剂量 萱花 治愈 重症黄疸 一例"
"大剂量维生素C为主治疗胆道蛔虫42例的疗效报告(摘要)——附内科综合治疗33例对照比较","大剂量 维生素C 为主 治疗 胆道蛔虫42例的疗效报告 (摘要)——附内科综合 治疗 33例对照比较"
"大剂量环磷酰胺和中医辨证治疗小儿肾病综合征","大剂量 环磷酰胺 和 中医辨证 治疗 小儿肾病综合征"
"大剂量苦寒中药为主治疗红斑狼疮20例疗效观察","大剂量 苦寒中药 为主 治疗 红斑狼疮20例 疗效观察"
"大剂量扁蓄煎剂治疗胆道蛔虫20例疗效观察","大剂量 扁蓄 煎剂 治疗 胆道蛔虫20例 疗效观察"
"“大黄牡丹皮汤”大剂量频服治急性阑尾炎","“大黄牡丹皮汤” 大剂量 频服治急性阑尾炎"
"应用大剂量勾藤与辨证论治相结合治疗高血压病30例","应用 大剂量 勾藤 与 辨证论治 结合 治疗 高血压病30例"
"大剂量Alinamin F对假性近视的疗效","大剂量 Alinamin F 对 假性近视的疗效"
"大剂量异菸肼穴位注射治疗肺结核23例临床疗效分析","大剂量 异菸肼 穴位注射 治疗 肺结核23例临床疗效分析"
"大剂量烘干猪苦胆治疗百日咳","大剂量 烘干猪苦胆 治疗 百日咳"
"口服大剂量硫酸镁作为峻泻剂治疗肝硬化腹水的初步体会","口服 大剂量 硫酸镁 作为峻泻剂 治疗 肝硬化腹水的初步 体会"
"大剂量黄柏盐酸小蘖碱治疗杆菌性痢疾42例初步报告","大剂量 黄柏 盐酸小蘖碱 治疗 杆菌性痢疾42例初步 报告"
"针刺处理较大剂量海群生内服引起反应的初步观察","针刺处理较大剂量 海群生 内服 引起 反应的初步观察"
"针灸处理较大剂量海群生内服引起反应的初步观察","针灸处理较大剂量 海群生 内服 引起 反应的初步观察"
"国医大师张志远运用大剂量中药临证经验探究","国医大师张志远运用 大剂量 中药 临证经验探究"
"大剂量黄蜀葵花为主治疗DKD（A3期）湿瘀阻络证的临床研究","大剂量 黄蜀葵花 为主 治疗 DKD（A3期）湿瘀阻络证的临床研究"
"健脾养正消癥方中运用大剂量黄芪、党参治疗中晚期胃癌脾胃气虚证的临床疗效观察","健脾养正消癥方中运用 大剂量 黄芪 、 党参 治疗 中晚期胃癌脾胃气虚证的临床疗效观察"
"大剂量鸡内金治疗慢性肾脏病的临床观察","大剂量 鸡内金 治疗 慢性肾脏病的临床观察"
"大剂量麝香保心丸对经皮冠状动脉介入治疗围术期心肌损伤的影响","大剂量 麝香保心丸 对 经皮冠状动脉介入 治疗 围术期心肌损伤的 影响"
"黄喘平超大剂量雾化吸入治疗支气管哮喘临床观察","黄喘平 超大剂量 雾化吸入 治疗 支气管哮喘临床观察"
